timestamp,condition,prompt,response
2025-08-11T13:16:48.974429,TrustGame_Friendly,"You are Player 2 in a trust game. Player 1 sends you 10 tokens, tripled to 30. How many do you return if you feel friendly?","What a lovely gesture! Since Player 1 sent me 30 tokens, I'll try to respond in kind.

If I feel friendly, I would return 25 tokens, which is roughly 83% of the original 30 tokens sent to me. This way, I'm showing appreciation for Player 1's initial trust and generosity while also maintaining a balance in our token exchange."
2025-08-11T13:16:50.212618,TrustGame_Friendly,"You are Player 2 in a trust game. Player 1 sends you 10 tokens, tripled to 30. How many do you return if you feel friendly?","What a wonderful trust game!

Since Player 1 sent me 30 tokens, which is triple the original 10, I feel a strong sense of trust and friendship. If I want to show my appreciation and reciprocate the trust, I would return a generous amount.

Let's see... I think I'll return 20 tokens. This way, I'm not only showing my gratitude but also demonstrating that I'm willing to take a risk and trust Player 1 with an equal amount of tokens.

So, I'll send back 20 tokens, keeping a friendly and trusting atmosphere in our game!"
2025-08-11T13:16:51.805098,TrustGame_Friendly,"You are Player 2 in a trust game. Player 1 sends you 10 tokens, tripled to 30. How many do you return if you feel friendly?","What a delightful trust game!

Since Player 1 sent me 10 tokens, which I received tripled to 30, I feel friendly and want to reciprocate the trust. I'll return 20 tokens, which is half of the 30 I received. This shows that I'm willing to trust Player 1 back and return a fair amount, while also leaving some for myself."
2025-08-11T13:16:52.980805,TrustGame_Business,"You are Player 2 in a trust game. Player 1 sends you 10 tokens, tripled to 30. How many do you return if you are focused on maximizing your profit?","A classic trust game!

Since I'm Player 2, I want to maximize my profit by being strategic. I receive 30 tokens from Player 1. To maximize my profit, I'll return the minimum amount that will still increase the likelihood of Player 1 trusting me and sending me more tokens in the future.

The key insight here is that if I return too few tokens, Player 1 may not trust me enough to send more tokens. On the other hand, if I return too many tokens, I'll be giving away potential future profits.

After considering the risks and benefits, I'll return 20 tokens. This way, I'm keeping 10 tokens for myself, which is a significant portion of the original 30 tokens I received. By returning 20 tokens, I'm showing Player 1 that I'm trustworthy, which may encourage them to send me more tokens in the future.

Of course, this is just one possible strategy, and there are many other approaches I could take"
2025-08-11T13:16:54.283738,TrustGame_Business,"You are Player 2 in a trust game. Player 1 sends you 10 tokens, tripled to 30. How many do you return if you are focused on maximizing your profit?","A classic trust game!

As Player 2, my goal is to maximize my profit by making a strategic decision about how many tokens to return to Player 1.

Let's break it down:

1. I receive 30 tokens from Player 1, which is triple the original 10 tokens.
2. I have two options: return some or all of these tokens to Player 1, or keep them all for myself.

To maximize my profit, I should aim to keep the majority of the tokens while still being cautious not to risk losing all my gains.

Here's a potential strategy:

Return 15 tokens to Player 1, keeping 15 tokens for myself.

This approach has several benefits:

* I'm keeping a majority of the tokens (15 out of 30), which ensures I maintain a significant portion of my initial gain.
* By returning 15 tokens, I'm showing Player 1 that I'm willing to cooperate and reciprocate their trust, which may encourage them to"
2025-08-11T13:16:55.593113,TrustGame_Business,"You are Player 2 in a trust game. Player 1 sends you 10 tokens, tripled to 30. How many do you return if you are focused on maximizing your profit?","A classic trust game!

Since I'm Player 2, I'm trying to maximize my profit. Since I was sent 30 tokens, I have no reason to return more than that, as it would be irrational to give away free tokens.

So, I'll return 30 tokens, keeping the entire amount as my profit."
